community	prompt_text
(global)	Confess the most harmless thing you got away with
(global)	What's a small thing nobody knows about you?
(global)	What's something you wish people understood about you?
(global)	What's something you've never told anyone here?
(global)	Best hidden spot on campus, don't gatekeep
(global)	Biggest lie you've told to skip a class?
(global)	Hottest take about the canteen food?
(global)	Is the attendance policy actually fair? Go.
(global)	Most overhyped fest event?
(global)	Most overrated course in your branch?
(global)	Most useless facility we're paying for?
(global)	Settle it: which branch has it hardest?
(global)	What campus rule does literally everyone break?
(global)	What does everyone get wrong about your branch?
(global)	What's a campus secret you'll only say anonymously?
(global)	What's a class everyone sleeps through?
(global)	What's something our college pretends is great but isn't?
(global)	What's something you've never told anyone here?
(global)	What's the most overrated thing about our college?
(global)	Which branch thinks they're superior but isn't?
(global)	Which subject is a complete waste of time?
(global)	Proof of what you were supposed to be doing right now.
(global)	Show the exact spot you were sitting when you got your RVCE result.
(global)	Something on this campus that shouldn't still be there.
(global)	The most cursed thing in your bag.
(global)	The view from exactly where you're sitting.
(global)	Whatever is closest to your left hand.
(global)	Your battery percentage + what you're doing about it.
(global)	Your screen right now. No cleanup.
1st Year	Show the last thing you called home about.
1st Year	Something you brought from home that you haven't used once.
1st Year	The first friend you made here. Just their hands or shoes.
1st Year	The senior advice that turned out to be a lie.
1st Year	The thing on campus you still can't find.
1st Year	What your hostel/desk looked like on day one vs. today.
1st Year	Your first-week self vs. now — one photo that shows the difference.
1st Year	Your timetable, annotated with how you actually feel.
2nd Year	Show the thing you finally learnt where everything is.
2nd Year	Show what you spend your free hour on now.
2nd Year	Something you own now that first-year you wouldn't recognise.
2nd Year	Something you were scared of in first year that's routine now.
2nd Year	The first-year advice you'd actually give.
2nd Year	The habit you picked up this year.
2nd Year	Your current desk vs. your first-year desk. One photo.
2nd Year	Your timetable — show the gap you actually live in.
3rd Year	Show the tab you keep reopening.
3rd Year	Show what's keeping you up lately.
3rd Year	Show where you work when it gets serious.
3rd Year	The project that's eating this semester.
3rd Year	The thing you're doing purely for placements.
3rd Year	Your calendar this week. Unedited.
3rd Year	Your prep setup, whatever stage it's at.
3rd Year	Your resume on screen. Any version.
4th Year	Show the place you've eaten at the most times.
4th Year	Show what's already packed.
4th Year	Show your desk in its final-year state.
4th Year	Something you've carried since first year.
4th Year	The spot on campus you'll miss. Go stand there.
4th Year	The thing you still haven't done here.
4th Year	Your last-ever timetable.
4th Year	Your project/thesis, whatever it looks like right now.
Aero	A structure on campus you have opinions about.
Aero	Show a machine you're not fully sure how to use.
Aero	Something you made with your hands this semester.
Aero	The most over-engineered thing on campus.
Aero	The workshop scar story — show the scar.
Aero	Your calculator. Yes, that one.
Aero	Your drawing sheet. Be honest about the smudges.
Aero	Your safety shoes after one lab.
AI & ML	Show a wire/board/device you're building.
AI & ML	Show the project you abandoned.
AI & ML	The number of unread notifications on your dev tools.
AI & ML	The wildest bug you've hit this week.
AI & ML	Your GitHub contribution graph. No excuses.
AI & ML	Your most-used keyboard shortcut, demonstrated.
AI & ML	Your rubber duck (or whatever you talk to).
AI & ML	Your terminal. Whatever's on it.
AIML	Screenshot the last thing you Googled about a lab.
AIML	Show your setup. Cable chaos included.
AIML	Something you wrote that you don't understand anymore.
AIML	The error message that's been up the longest.
AIML	The line of code you're weirdly proud of.
AIML	Your code at 2am vs. your code at 2pm — one photo, you pick which.
AIML	Your current tab situation.
AIML	Your laptop stickers. Full frontal.
Anime	Show a physical book you actually own.
Anime	Show where you watch/read on campus.
Anime	Show your shelf, however chaotic.
Anime	The recommendation that ruined you.
Anime	The scene you rewind every time.
Anime	Your comfort rewatch, paused on your favourite frame.
Anime	Your current watch/read. Frame or cover.
Anime	Your watchlist, honestly long.
Badminton	A bruise with a story.
Badminton	Show the teammate you'd pass to every time. Face or not.
Badminton	Show your grip — bat, racquet, ball, whatever.
Badminton	The ground/court, empty or full, right now.
Badminton	The scoreboard from today.
Badminton	Your kit bag, unfiltered.
Badminton	Your shoes after today.
Badminton	Your warm-up spot.
Basketball	A bruise with a story.
Basketball	Show the teammate you'd pass to every time. Face or not.
Basketball	Show your grip — bat, racquet, ball, whatever.
Basketball	The ground/court, empty or full, right now.
Basketball	The scoreboard from today.
Basketball	Your kit bag, unfiltered.
Basketball	Your shoes after today.
Basketball	Your warm-up spot.
Bikers	A part you replaced yourself.
Bikers	Engine bay / chain / whatever you're most proud of.
Bikers	Show something you fixed with the wrong tool.
Bikers	Show your odometer.
Bikers	The best road you've found near Bengaluru.
Bikers	The dirtiest part of it.
Bikers	Your helmet, wherever it's sitting.
Bikers	Your machine. Any angle, right now.
Biotech	Show the machine you had to be trained on twice.
Biotech	Show your gloves at the end of a session.
Biotech	Something growing that shouldn't be.
Biotech	The plate/slide you're waiting on.
Biotech	Whatever's in front of you on the bench.
Biotech	Your goggles, wherever they're sitting.
Biotech	Your lab coat. Be honest about the stains.
Biotech	Your lab notebook's messiest entry.
Chem	A structure on campus you have opinions about.
Chem	Show a machine you're not fully sure how to use.
Chem	Something you made with your hands this semester.
Chem	The most over-engineered thing on campus.
Chem	The workshop scar story — show the scar.
Chem	Your calculator. Yes, that one.
Chem	Your drawing sheet. Be honest about the smudges.
Chem	Your safety shoes after one lab.
Civil	A structure on campus you have opinions about.
Civil	Show a machine you're not fully sure how to use.
Civil	Something you made with your hands this semester.
Civil	The most over-engineered thing on campus.
Civil	The workshop scar story — show the scar.
Civil	Your calculator. Yes, that one.
Civil	Your drawing sheet. Be honest about the smudges.
Civil	Your safety shoes after one lab.
Coding / DSA	Show a wire/board/device you're building.
Coding / DSA	Show the project you abandoned.
Coding / DSA	The number of unread notifications on your dev tools.
Coding / DSA	The wildest bug you've hit this week.
Coding / DSA	Your GitHub contribution graph. No excuses.
Coding / DSA	Your most-used keyboard shortcut, demonstrated.
Coding / DSA	Your rubber duck (or whatever you talk to).
Coding / DSA	Your terminal. Whatever's on it.
Cricket	A bruise with a story.
Cricket	Show the teammate you'd pass to every time. Face or not.
Cricket	Show your grip — bat, racquet, ball, whatever.
Cricket	The ground/court, empty or full, right now.
Cricket	The scoreboard from today.
Cricket	Your kit bag, unfiltered.
Cricket	Your shoes after today.
Cricket	Your warm-up spot.
CSE	Screenshot the last thing you Googled about a lab.
CSE	Show your setup. Cable chaos included.
CSE	Something you wrote that you don't understand anymore.
CSE	The error message that's been up the longest.
CSE	The line of code you're weirdly proud of.
CSE	Your code at 2am vs. your code at 2pm — one photo, you pick which.
CSE	Your current tab situation.
CSE	Your laptop stickers. Full frontal.
Dance	Show the corner of campus you rehearse in.
Dance	Show your shoes mid-practice.
Dance	Something that hurt after a session.
Dance	The mirror you practice in front of.
Dance	The move you've been failing at — one frozen frame.
Dance	Your costume from the last performance.
Dance	Your playlist for practice.
Dance	Your practice space, empty.
Day Scholar	Show your route's worst 10 seconds.
Day Scholar	Something you eat on the way.
Day Scholar	The one thing that makes the commute worth it.
Day Scholar	The seat you fight for.
Day Scholar	Traffic. Just traffic.
Day Scholar	What time you left home. Show the clock.
Day Scholar	Your bag's full weight, visualized.
Day Scholar	Your view from the bus, right now.
Day Scholar Commute	Show your route's worst 10 seconds.
Day Scholar Commute	Something you eat on the way.
Day Scholar Commute	The one thing that makes the commute worth it.
Day Scholar Commute	The seat you fight for.
Day Scholar Commute	Traffic. Just traffic.
Day Scholar Commute	What time you left home. Show the clock.
Day Scholar Commute	Your bag's full weight, visualized.
Day Scholar Commute	Your view from the bus, right now.
ECE	Show your component drawer or box.
ECE	Show your lab record's worst page.
ECE	The circuit that worked once and never again.
ECE	The component you've burnt the most of.
ECE	The soldering iron burn. Everyone has one.
ECE	Your breadboard. Current state, wires and all.
ECE	Your multimeter reading right now. Any reading.
ECE	Your oscilloscope screen, whatever's on it.
EEE	Show your component drawer or box.
EEE	Show your lab record's worst page.
EEE	The circuit that worked once and never again.
EEE	The component you've burnt the most of.
EEE	The soldering iron burn. Everyone has one.
EEE	Your breadboard. Current state, wires and all.
EEE	Your multimeter reading right now. Any reading.
EEE	Your oscilloscope screen, whatever's on it.
EIE	Show your component drawer or box.
EIE	Show your lab record's worst page.
EIE	The circuit that worked once and never again.
EIE	The component you've burnt the most of.
EIE	The soldering iron burn. Everyone has one.
EIE	Your breadboard. Current state, wires and all.
EIE	Your multimeter reading right now. Any reading.
EIE	Your oscilloscope screen, whatever's on it.
Foodies	Chai/coffee in your hand.
Foodies	Show ₹50 worth of food near campus.
Foodies	Show the place you go when mess food loses.
Foodies	The canteen's best-kept secret.
Foodies	The snack in your bag right now.
Foodies	What you're eating. Right now. No staging.
Foodies	Your midnight food setup.
Foodies	Your order, exactly as it always is.
Football	A bruise with a story.
Football	Show the teammate you'd pass to every time. Face or not.
Football	Show your grip — bat, racquet, ball, whatever.
Football	The ground/court, empty or full, right now.
Football	The scoreboard from today.
Football	Your kit bag, unfiltered.
Football	Your shoes after today.
Football	Your warm-up spot.
Gaming (Mobile)	Show your first-ever profile picture on any game.
Gaming (Mobile)	Show your hands mid-game.
Gaming (Mobile)	Show your rank. Own it.
Gaming (Mobile)	The game you keep uninstalling and reinstalling.
Gaming (Mobile)	The teammate who carries you (their screen name).
Gaming (Mobile)	Your current game's screen, paused.
Gaming (Mobile)	Your longest session's clock.
Gaming (Mobile)	Your setup — phone, PC, whatever.
Gaming (PC)	Show your first-ever profile picture on any game.
Gaming (PC)	Show your hands mid-game.
Gaming (PC)	Show your rank. Own it.
Gaming (PC)	The game you keep uninstalling and reinstalling.
Gaming (PC)	The teammate who carries you (their screen name).
Gaming (PC)	Your current game's screen, paused.
Gaming (PC)	Your longest session's clock.
Gaming (PC)	Your setup — phone, PC, whatever.
General	OVERRRATED COLLEGE PLACE
Gym / Lifting	Show the weight you're on today. Not the max, today's.
Gym / Lifting	Show your gym at its most crowded hour.
Gym / Lifting	Something you can do now that you couldn't in June.
Gym / Lifting	The machine you avoid.
Gym / Lifting	The shoes you lift in.
Gym / Lifting	Your 6am alarm screenshot.
Gym / Lifting	Your post-workout meal.
Gym / Lifting	Your water bottle situation.
Hostel	Show what 2am in this building sounds like — one photo that captures it.
Hostel	Something that's been borrowed and never returned.
Hostel	The jugaad you're most proud of.
Hostel	The mess food tonight. Rate it in the caption.
Hostel	The wall above your bed.
Hostel	What's in your bucket.
Hostel	Your room right now. No warning, no cleaning.
Hostel	Your roommate's side vs. your side.
Hostel Life	Show what 2am in this building sounds like — one photo that captures it.
Hostel Life	Something that's been borrowed and never returned.
Hostel Life	The jugaad you're most proud of.
Hostel Life	The mess food tonight. Rate it in the caption.
Hostel Life	The wall above your bed.
Hostel Life	What's in your bucket.
Hostel Life	Your room right now. No warning, no cleaning.
Hostel Life	Your roommate's side vs. your side.
IEM	Show something here that's badly queued.
IEM	Show the process on campus you'd optimise first.
IEM	Show your notes from the last group project meeting.
IEM	The chart you're weirdly proud of.
IEM	The deadline on your wall or screen.
IEM	The spreadsheet you're in right now.
IEM	Your calculator or laptop, whichever you use more.
IEM	Your team's actual workload split, visualized however you want.
ISE	Screenshot the last thing you Googled about a lab.
ISE	Show your setup. Cable chaos included.
ISE	Something you wrote that you don't understand anymore.
ISE	The error message that's been up the longest.
ISE	The line of code you're weirdly proud of.
ISE	Your code at 2am vs. your code at 2pm — one photo, you pick which.
ISE	Your current tab situation.
ISE	Your laptop stickers. Full frontal.
Late Night Club	Show what you're eating at this hour.
Late Night Club	Show who else is still awake.
Late Night Club	The tab you're on at 2am.
Late Night Club	The view out your window right now.
Late Night Club	What's keeping you up. One photo.
Late Night Club	Your clock. Just the clock.
Late Night Club	Your screen brightness right now.
Late Night Club	Your third coffee of the night.
Mech	A structure on campus you have opinions about.
Mech	Show a machine you're not fully sure how to use.
Mech	Something you made with your hands this semester.
Mech	The most over-engineered thing on campus.
Mech	The workshop scar story — show the scar.
Mech	Your calculator. Yes, that one.
Mech	Your drawing sheet. Be honest about the smudges.
Mech	Your safety shoes after one lab.
Memes	Show the group chat's current running joke.
Memes	Show your camera roll's screenshot folder.
Memes	Something here that looks staged but isn't.
Memes	Something on campus that's already a meme.
Memes	The last meme you saved. No curating.
Memes	The meme you've reused too many times.
Memes	Your gallery's oldest saved meme.
Memes	Your most-sent reaction image.
Movies & Series	Show a physical book you actually own.
Movies & Series	Show where you watch/read on campus.
Movies & Series	Show your shelf, however chaotic.
Movies & Series	The recommendation that ruined you.
Movies & Series	The scene you rewind every time.
Movies & Series	Your comfort rewatch, paused on your favourite frame.
Movies & Series	Your current watch/read. Frame or cover.
Movies & Series	Your watchlist, honestly long.
music 	hows your day
music 	A chord/riff you're stuck on — photo of your hand on it.
music 	Show where you go to play without being heard.
music 	Show your most-played song's album art and defend it.
music 	What's playing right now. Screenshot it.
music 	Your headphones. The real condition.
music 	Your instrument where it's currently sitting.
music 	Your practice corner.
music 	Your Spotify wrapped regret.
Pets & Strays	Feeding spot.
Pets & Strays	Show an animal doing something absurd.
Pets & Strays	Show who's sleeping where they shouldn't.
Pets & Strays	The campus dog you're loyal to.
Pets & Strays	The cat that owns this building.
Pets & Strays	The one that recognizes you.
Pets & Strays	Your pet at home — the photo in your gallery.
Pets & Strays	Your phone's animal photo count.
Photography	A photo you took that nobody liked but you love.
Photography	Show something ordinary made to look expensive.
Photography	Show your gear, however humble.
Photography	The best light on campus right now. Go find it.
Photography	The same spot you always shoot, shot again.
Photography	Your camera roll's most recent photo. No choosing.
Photography	Your editing screen mid-edit.
Photography	Your worst photo from a good day.
Placements & Prep	Show me your notes from the last prep session.
Placements & Prep	Show what you're building.
Placements & Prep	Show your 3am work session.
Placements & Prep	The company sticker on your laptop.
Placements & Prep	The whiteboard/notebook where the idea started.
Placements & Prep	Your LinkedIn photo vs. your actual face right now.
Placements & Prep	Your rejection count. Just the number.
Placements & Prep	Your resume's current version number.
RVCE	Show the notice board nobody reads.
RVCE	Show what the parking looks like at this hour.
RVCE	Something here that's been broken the entire time you've been on campus.
RVCE	The building you still take a wrong turn in.
RVCE	The one bench everyone fights for.
RVCE	The queue you're standing in right now.
RVCE	The spot on campus you'd defend in an argument.
RVCE	Whatever the weather is doing right now, from where you are.
sports 	SHOW YOUR FAVIOURITE SPORT AS SUCH
sports 	A bruise with a story.
sports 	Show the teammate you'd pass to every time. Face or not.
sports 	Show your grip — bat, racquet, ball, whatever.
sports 	The ground/court, empty or full, right now.
sports 	The scoreboard from today.
sports 	Your kit bag, unfiltered.
sports 	Your shoes after today.
sports 	Your warm-up spot.
Startups	Show me your notes from the last prep session.
Startups	Show what you're building.
Startups	Show your 3am work session.
Startups	The company sticker on your laptop.
Startups	The whiteboard/notebook where the idea started.
Startups	Your LinkedIn photo vs. your actual face right now.
Startups	Your rejection count. Just the number.
Startups	Your resume's current version number.
Trekking & Outdoors	Show sunrise from wherever you were.
Trekking & Outdoors	Show your shoes' condition.
Trekking & Outdoors	The bag you pack.
Trekking & Outdoors	The blister/scrape/scar.
Trekking & Outdoors	The view you'd go back for.
Trekking & Outdoors	Your favourite spot within 100km.
Trekking & Outdoors	Your last trek's summit photo.
Trekking & Outdoors	Your water bottle at the end.
