community,prompt_text,prompt_kind,feed_scope,active
(global),Confess the most harmless thing you got away with,photo,everyone,True
(global),What's a small thing nobody knows about you?,photo,everyone,True
(global),What's something you wish people understood about you?,photo,everyone,True
(global),What's something you've never told anyone here?,photo,everyone,True
(global),"Best hidden spot on campus, don't gatekeep",photo,everyone,True
(global),Biggest lie you've told to skip a class?,photo,everyone,True
(global),Hottest take about the canteen food?,photo,everyone,True
(global),Is the attendance policy actually fair? Go.,photo,everyone,True
(global),Most overhyped fest event?,photo,everyone,True
(global),Most overrated course in your branch?,photo,everyone,True
(global),Most useless facility we're paying for?,photo,everyone,True
(global),Settle it: which branch has it hardest?,photo,everyone,True
(global),What campus rule does literally everyone break?,photo,everyone,True
(global),What does everyone get wrong about your branch?,photo,everyone,True
(global),What's a campus secret you'll only say anonymously?,photo,everyone,True
(global),What's a class everyone sleeps through?,photo,everyone,True
(global),What's something our college pretends is great but isn't?,photo,everyone,True
(global),What's something you've never told anyone here?,photo,everyone,True
(global),What's the most overrated thing about our college?,photo,everyone,True
(global),Which branch thinks they're superior but isn't?,photo,everyone,True
(global),Which subject is a complete waste of time?,photo,everyone,True
(global),Proof of what you were supposed to be doing right now.,photo,everyone,True
(global),Show the exact spot you were sitting when you got your RVCE result.,photo,everyone,True
(global),Something on this campus that shouldn't still be there.,photo,everyone,True
(global),The most cursed thing in your bag.,photo,everyone,True
(global),The view from exactly where you're sitting.,photo,everyone,True
(global),Whatever is closest to your left hand.,photo,everyone,True
(global),Your battery percentage + what you're doing about it.,photo,everyone,True
(global),Your screen right now. No cleanup.,photo,everyone,True
1st Year,Show the last thing you called home about.,photo,everyone,True
1st Year,Something you brought from home that you haven't used once.,photo,everyone,True
1st Year,The first friend you made here. Just their hands or shoes.,photo,everyone,True
1st Year,The senior advice that turned out to be a lie.,photo,everyone,True
1st Year,The thing on campus you still can't find.,photo,everyone,True
1st Year,What your hostel/desk looked like on day one vs. today.,photo,everyone,True
1st Year,Your first-week self vs. now — one photo that shows the difference.,photo,everyone,True
1st Year,"Your timetable, annotated with how you actually feel.",photo,everyone,True
2nd Year,Show the thing you finally learnt where everything is.,photo,everyone,True
2nd Year,Show what you spend your free hour on now.,photo,everyone,True
2nd Year,Something you own now that first-year you wouldn't recognise.,photo,everyone,True
2nd Year,Something you were scared of in first year that's routine now.,photo,everyone,True
2nd Year,The first-year advice you'd actually give.,photo,everyone,True
2nd Year,The habit you picked up this year.,photo,everyone,True
2nd Year,Your current desk vs. your first-year desk. One photo.,photo,everyone,True
2nd Year,Your timetable — show the gap you actually live in.,photo,everyone,True
3rd Year,Show the tab you keep reopening.,photo,everyone,True
3rd Year,Show what's keeping you up lately.,photo,everyone,True
3rd Year,Show where you work when it gets serious.,photo,everyone,True
3rd Year,The project that's eating this semester.,photo,everyone,True
3rd Year,The thing you're doing purely for placements.,photo,everyone,True
3rd Year,Your calendar this week. Unedited.,photo,everyone,True
3rd Year,"Your prep setup, whatever stage it's at.",photo,everyone,True
3rd Year,Your resume on screen. Any version.,photo,everyone,True
4th Year,Show the place you've eaten at the most times.,photo,everyone,True
4th Year,Show what's already packed.,photo,everyone,True
4th Year,Show your desk in its final-year state.,photo,everyone,True
4th Year,Something you've carried since first year.,photo,everyone,True
4th Year,The spot on campus you'll miss. Go stand there.,photo,everyone,True
4th Year,The thing you still haven't done here.,photo,everyone,True
4th Year,Your last-ever timetable.,photo,everyone,True
4th Year,"Your project/thesis, whatever it looks like right now.",photo,everyone,True
Aero,A structure on campus you have opinions about.,photo,everyone,True
Aero,Show a machine you're not fully sure how to use.,photo,everyone,True
Aero,Something you made with your hands this semester.,photo,everyone,True
Aero,The most over-engineered thing on campus.,photo,everyone,True
Aero,The workshop scar story — show the scar.,photo,everyone,True
Aero,"Your calculator. Yes, that one.",photo,everyone,True
Aero,Your drawing sheet. Be honest about the smudges.,photo,everyone,True
Aero,Your safety shoes after one lab.,photo,everyone,True
AI & ML,Show a wire/board/device you're building.,photo,everyone,True
AI & ML,Show the project you abandoned.,photo,everyone,True
AI & ML,The number of unread notifications on your dev tools.,photo,everyone,True
AI & ML,The wildest bug you've hit this week.,photo,everyone,True
AI & ML,Your GitHub contribution graph. No excuses.,photo,everyone,True
AI & ML,"Your most-used keyboard shortcut, demonstrated.",photo,everyone,True
AI & ML,Your rubber duck (or whatever you talk to).,photo,everyone,True
AI & ML,Your terminal. Whatever's on it.,photo,everyone,True
AIML,Screenshot the last thing you Googled about a lab.,photo,everyone,True
AIML,Show your setup. Cable chaos included.,photo,everyone,True
AIML,Something you wrote that you don't understand anymore.,photo,everyone,True
AIML,The error message that's been up the longest.,photo,everyone,True
AIML,The line of code you're weirdly proud of.,photo,everyone,True
AIML,"Your code at 2am vs. your code at 2pm — one photo, you pick which.",photo,everyone,True
AIML,Your current tab situation.,photo,everyone,True
AIML,Your laptop stickers. Full frontal.,photo,everyone,True
Anime,Show a physical book you actually own.,photo,everyone,True
Anime,Show where you watch/read on campus.,photo,everyone,True
Anime,"Show your shelf, however chaotic.",photo,everyone,True
Anime,The recommendation that ruined you.,photo,everyone,True
Anime,The scene you rewind every time.,photo,everyone,True
Anime,"Your comfort rewatch, paused on your favourite frame.",photo,everyone,True
Anime,Your current watch/read. Frame or cover.,photo,everyone,True
Anime,"Your watchlist, honestly long.",photo,everyone,True
Badminton,A bruise with a story.,photo,everyone,True
Badminton,Show the teammate you'd pass to every time. Face or not.,photo,everyone,True
Badminton,"Show your grip — bat, racquet, ball, whatever.",photo,everyone,True
Badminton,"The ground/court, empty or full, right now.",photo,everyone,True
Badminton,The scoreboard from today.,photo,everyone,True
Badminton,"Your kit bag, unfiltered.",photo,everyone,True
Badminton,Your shoes after today.,photo,everyone,True
Badminton,Your warm-up spot.,photo,everyone,True
Basketball,A bruise with a story.,photo,everyone,True
Basketball,Show the teammate you'd pass to every time. Face or not.,photo,everyone,True
Basketball,"Show your grip — bat, racquet, ball, whatever.",photo,everyone,True
Basketball,"The ground/court, empty or full, right now.",photo,everyone,True
Basketball,The scoreboard from today.,photo,everyone,True
Basketball,"Your kit bag, unfiltered.",photo,everyone,True
Basketball,Your shoes after today.,photo,everyone,True
Basketball,Your warm-up spot.,photo,everyone,True
Bikers,A part you replaced yourself.,photo,everyone,True
Bikers,Engine bay / chain / whatever you're most proud of.,photo,everyone,True
Bikers,Show something you fixed with the wrong tool.,photo,everyone,True
Bikers,Show your odometer.,photo,everyone,True
Bikers,The best road you've found near Bengaluru.,photo,everyone,True
Bikers,The dirtiest part of it.,photo,everyone,True
Bikers,"Your helmet, wherever it's sitting.",photo,everyone,True
Bikers,"Your machine. Any angle, right now.",photo,everyone,True
Biotech,Show the machine you had to be trained on twice.,photo,everyone,True
Biotech,Show your gloves at the end of a session.,photo,everyone,True
Biotech,Something growing that shouldn't be.,photo,everyone,True
Biotech,The plate/slide you're waiting on.,photo,everyone,True
Biotech,Whatever's in front of you on the bench.,photo,everyone,True
Biotech,"Your goggles, wherever they're sitting.",photo,everyone,True
Biotech,Your lab coat. Be honest about the stains.,photo,everyone,True
Biotech,Your lab notebook's messiest entry.,photo,everyone,True
Chem,A structure on campus you have opinions about.,photo,everyone,True
Chem,Show a machine you're not fully sure how to use.,photo,everyone,True
Chem,Something you made with your hands this semester.,photo,everyone,True
Chem,The most over-engineered thing on campus.,photo,everyone,True
Chem,The workshop scar story — show the scar.,photo,everyone,True
Chem,"Your calculator. Yes, that one.",photo,everyone,True
Chem,Your drawing sheet. Be honest about the smudges.,photo,everyone,True
Chem,Your safety shoes after one lab.,photo,everyone,True
Civil,A structure on campus you have opinions about.,photo,everyone,True
Civil,Show a machine you're not fully sure how to use.,photo,everyone,True
Civil,Something you made with your hands this semester.,photo,everyone,True
Civil,The most over-engineered thing on campus.,photo,everyone,True
Civil,The workshop scar story — show the scar.,photo,everyone,True
Civil,"Your calculator. Yes, that one.",photo,everyone,True
Civil,Your drawing sheet. Be honest about the smudges.,photo,everyone,True
Civil,Your safety shoes after one lab.,photo,everyone,True
Coding / DSA,Show a wire/board/device you're building.,photo,everyone,True
Coding / DSA,Show the project you abandoned.,photo,everyone,True
Coding / DSA,The number of unread notifications on your dev tools.,photo,everyone,True
Coding / DSA,The wildest bug you've hit this week.,photo,everyone,True
Coding / DSA,Your GitHub contribution graph. No excuses.,photo,everyone,True
Coding / DSA,"Your most-used keyboard shortcut, demonstrated.",photo,everyone,True
Coding / DSA,Your rubber duck (or whatever you talk to).,photo,everyone,True
Coding / DSA,Your terminal. Whatever's on it.,photo,everyone,True
Cricket,A bruise with a story.,photo,everyone,True
Cricket,Show the teammate you'd pass to every time. Face or not.,photo,everyone,True
Cricket,"Show your grip — bat, racquet, ball, whatever.",photo,everyone,True
Cricket,"The ground/court, empty or full, right now.",photo,everyone,True
Cricket,The scoreboard from today.,photo,everyone,True
Cricket,"Your kit bag, unfiltered.",photo,everyone,True
Cricket,Your shoes after today.,photo,everyone,True
Cricket,Your warm-up spot.,photo,everyone,True
CSE,Screenshot the last thing you Googled about a lab.,photo,everyone,True
CSE,Show your setup. Cable chaos included.,photo,everyone,True
CSE,Something you wrote that you don't understand anymore.,photo,everyone,True
CSE,The error message that's been up the longest.,photo,everyone,True
CSE,The line of code you're weirdly proud of.,photo,everyone,True
CSE,"Your code at 2am vs. your code at 2pm — one photo, you pick which.",photo,everyone,True
CSE,Your current tab situation.,photo,everyone,True
CSE,Your laptop stickers. Full frontal.,photo,everyone,True
Dance,Show the corner of campus you rehearse in.,photo,everyone,True
Dance,Show your shoes mid-practice.,photo,everyone,True
Dance,Something that hurt after a session.,photo,everyone,True
Dance,The mirror you practice in front of.,photo,everyone,True
Dance,The move you've been failing at — one frozen frame.,photo,everyone,True
Dance,Your costume from the last performance.,photo,everyone,True
Dance,Your playlist for practice.,photo,everyone,True
Dance,"Your practice space, empty.",photo,everyone,True
Day Scholar,Show your route's worst 10 seconds.,photo,everyone,True
Day Scholar,Something you eat on the way.,photo,everyone,True
Day Scholar,The one thing that makes the commute worth it.,photo,everyone,True
Day Scholar,The seat you fight for.,photo,everyone,True
Day Scholar,Traffic. Just traffic.,photo,everyone,True
Day Scholar,What time you left home. Show the clock.,photo,everyone,True
Day Scholar,"Your bag's full weight, visualized.",photo,everyone,True
Day Scholar,"Your view from the bus, right now.",photo,everyone,True
Day Scholar Commute,Show your route's worst 10 seconds.,photo,everyone,True
Day Scholar Commute,Something you eat on the way.,photo,everyone,True
Day Scholar Commute,The one thing that makes the commute worth it.,photo,everyone,True
Day Scholar Commute,The seat you fight for.,photo,everyone,True
Day Scholar Commute,Traffic. Just traffic.,photo,everyone,True
Day Scholar Commute,What time you left home. Show the clock.,photo,everyone,True
Day Scholar Commute,"Your bag's full weight, visualized.",photo,everyone,True
Day Scholar Commute,"Your view from the bus, right now.",photo,everyone,True
ECE,Show your component drawer or box.,photo,everyone,True
ECE,Show your lab record's worst page.,photo,everyone,True
ECE,The circuit that worked once and never again.,photo,everyone,True
ECE,The component you've burnt the most of.,photo,everyone,True
ECE,The soldering iron burn. Everyone has one.,photo,everyone,True
ECE,"Your breadboard. Current state, wires and all.",photo,everyone,True
ECE,Your multimeter reading right now. Any reading.,photo,everyone,True
ECE,"Your oscilloscope screen, whatever's on it.",photo,everyone,True
EEE,Show your component drawer or box.,photo,everyone,True
EEE,Show your lab record's worst page.,photo,everyone,True
EEE,The circuit that worked once and never again.,photo,everyone,True
EEE,The component you've burnt the most of.,photo,everyone,True
EEE,The soldering iron burn. Everyone has one.,photo,everyone,True
EEE,"Your breadboard. Current state, wires and all.",photo,everyone,True
EEE,Your multimeter reading right now. Any reading.,photo,everyone,True
EEE,"Your oscilloscope screen, whatever's on it.",photo,everyone,True
EIE,Show your component drawer or box.,photo,everyone,True
EIE,Show your lab record's worst page.,photo,everyone,True
EIE,The circuit that worked once and never again.,photo,everyone,True
EIE,The component you've burnt the most of.,photo,everyone,True
EIE,The soldering iron burn. Everyone has one.,photo,everyone,True
EIE,"Your breadboard. Current state, wires and all.",photo,everyone,True
EIE,Your multimeter reading right now. Any reading.,photo,everyone,True
EIE,"Your oscilloscope screen, whatever's on it.",photo,everyone,True
Foodies,Chai/coffee in your hand.,photo,everyone,True
Foodies,Show ₹50 worth of food near campus.,photo,everyone,True
Foodies,Show the place you go when mess food loses.,photo,everyone,True
Foodies,The canteen's best-kept secret.,photo,everyone,True
Foodies,The snack in your bag right now.,photo,everyone,True
Foodies,What you're eating. Right now. No staging.,photo,everyone,True
Foodies,Your midnight food setup.,photo,everyone,True
Foodies,"Your order, exactly as it always is.",photo,everyone,True
Football,A bruise with a story.,photo,everyone,True
Football,Show the teammate you'd pass to every time. Face or not.,photo,everyone,True
Football,"Show your grip — bat, racquet, ball, whatever.",photo,everyone,True
Football,"The ground/court, empty or full, right now.",photo,everyone,True
Football,The scoreboard from today.,photo,everyone,True
Football,"Your kit bag, unfiltered.",photo,everyone,True
Football,Your shoes after today.,photo,everyone,True
Football,Your warm-up spot.,photo,everyone,True
Gaming (Mobile),Show your first-ever profile picture on any game.,photo,everyone,True
Gaming (Mobile),Show your hands mid-game.,photo,everyone,True
Gaming (Mobile),Show your rank. Own it.,photo,everyone,True
Gaming (Mobile),The game you keep uninstalling and reinstalling.,photo,everyone,True
Gaming (Mobile),The teammate who carries you (their screen name).,photo,everyone,True
Gaming (Mobile),"Your current game's screen, paused.",photo,everyone,True
Gaming (Mobile),Your longest session's clock.,photo,everyone,True
Gaming (Mobile),"Your setup — phone, PC, whatever.",photo,everyone,True
Gaming (PC),Show your first-ever profile picture on any game.,photo,everyone,True
Gaming (PC),Show your hands mid-game.,photo,everyone,True
Gaming (PC),Show your rank. Own it.,photo,everyone,True
Gaming (PC),The game you keep uninstalling and reinstalling.,photo,everyone,True
Gaming (PC),The teammate who carries you (their screen name).,photo,everyone,True
Gaming (PC),"Your current game's screen, paused.",photo,everyone,True
Gaming (PC),Your longest session's clock.,photo,everyone,True
Gaming (PC),"Your setup — phone, PC, whatever.",photo,everyone,True
General,OVERRRATED COLLEGE PLACE,photo,everyone,True
Gym / Lifting,"Show the weight you're on today. Not the max, today's.",photo,everyone,True
Gym / Lifting,Show your gym at its most crowded hour.,photo,everyone,True
Gym / Lifting,Something you can do now that you couldn't in June.,photo,everyone,True
Gym / Lifting,The machine you avoid.,photo,everyone,True
Gym / Lifting,The shoes you lift in.,photo,everyone,True
Gym / Lifting,Your 6am alarm screenshot.,photo,everyone,True
Gym / Lifting,Your post-workout meal.,photo,everyone,True
Gym / Lifting,Your water bottle situation.,photo,everyone,True
Hostel,Show what 2am in this building sounds like — one photo that captures it.,photo,everyone,True
Hostel,Something that's been borrowed and never returned.,photo,everyone,True
Hostel,The jugaad you're most proud of.,photo,everyone,True
Hostel,The mess food tonight. Rate it in the caption.,photo,everyone,True
Hostel,The wall above your bed.,photo,everyone,True
Hostel,What's in your bucket.,photo,everyone,True
Hostel,"Your room right now. No warning, no cleaning.",photo,everyone,True
Hostel,Your roommate's side vs. your side.,photo,everyone,True
Hostel Life,Show what 2am in this building sounds like — one photo that captures it.,photo,everyone,True
Hostel Life,Something that's been borrowed and never returned.,photo,everyone,True
Hostel Life,The jugaad you're most proud of.,photo,everyone,True
Hostel Life,The mess food tonight. Rate it in the caption.,photo,everyone,True
Hostel Life,The wall above your bed.,photo,everyone,True
Hostel Life,What's in your bucket.,photo,everyone,True
Hostel Life,"Your room right now. No warning, no cleaning.",photo,everyone,True
Hostel Life,Your roommate's side vs. your side.,photo,everyone,True
IEM,Show something here that's badly queued.,photo,everyone,True
IEM,Show the process on campus you'd optimise first.,photo,everyone,True
IEM,Show your notes from the last group project meeting.,photo,everyone,True
IEM,The chart you're weirdly proud of.,photo,everyone,True
IEM,The deadline on your wall or screen.,photo,everyone,True
IEM,The spreadsheet you're in right now.,photo,everyone,True
IEM,"Your calculator or laptop, whichever you use more.",photo,everyone,True
IEM,"Your team's actual workload split, visualized however you want.",photo,everyone,True
ISE,Screenshot the last thing you Googled about a lab.,photo,everyone,True
ISE,Show your setup. Cable chaos included.,photo,everyone,True
ISE,Something you wrote that you don't understand anymore.,photo,everyone,True
ISE,The error message that's been up the longest.,photo,everyone,True
ISE,The line of code you're weirdly proud of.,photo,everyone,True
ISE,"Your code at 2am vs. your code at 2pm — one photo, you pick which.",photo,everyone,True
ISE,Your current tab situation.,photo,everyone,True
ISE,Your laptop stickers. Full frontal.,photo,everyone,True
Late Night Club,Show what you're eating at this hour.,photo,everyone,True
Late Night Club,Show who else is still awake.,photo,everyone,True
Late Night Club,The tab you're on at 2am.,photo,everyone,True
Late Night Club,The view out your window right now.,photo,everyone,True
Late Night Club,What's keeping you up. One photo.,photo,everyone,True
Late Night Club,Your clock. Just the clock.,photo,everyone,True
Late Night Club,Your screen brightness right now.,photo,everyone,True
Late Night Club,Your third coffee of the night.,photo,everyone,True
Mech,A structure on campus you have opinions about.,photo,everyone,True
Mech,Show a machine you're not fully sure how to use.,photo,everyone,True
Mech,Something you made with your hands this semester.,photo,everyone,True
Mech,The most over-engineered thing on campus.,photo,everyone,True
Mech,The workshop scar story — show the scar.,photo,everyone,True
Mech,"Your calculator. Yes, that one.",photo,everyone,True
Mech,Your drawing sheet. Be honest about the smudges.,photo,everyone,True
Mech,Your safety shoes after one lab.,photo,everyone,True
Memes,Show the group chat's current running joke.,photo,everyone,True
Memes,Show your camera roll's screenshot folder.,photo,everyone,True
Memes,Something here that looks staged but isn't.,photo,everyone,True
Memes,Something on campus that's already a meme.,photo,everyone,True
Memes,The last meme you saved. No curating.,photo,everyone,True
Memes,The meme you've reused too many times.,photo,everyone,True
Memes,Your gallery's oldest saved meme.,photo,everyone,True
Memes,Your most-sent reaction image.,photo,everyone,True
Movies & Series,Show a physical book you actually own.,photo,everyone,True
Movies & Series,Show where you watch/read on campus.,photo,everyone,True
Movies & Series,"Show your shelf, however chaotic.",photo,everyone,True
Movies & Series,The recommendation that ruined you.,photo,everyone,True
Movies & Series,The scene you rewind every time.,photo,everyone,True
Movies & Series,"Your comfort rewatch, paused on your favourite frame.",photo,everyone,True
Movies & Series,Your current watch/read. Frame or cover.,photo,everyone,True
Movies & Series,"Your watchlist, honestly long.",photo,everyone,True
music ,hows your day,photo,everyone,True
music ,A chord/riff you're stuck on — photo of your hand on it.,photo,everyone,True
music ,Show where you go to play without being heard.,photo,everyone,True
music ,Show your most-played song's album art and defend it.,photo,everyone,True
music ,What's playing right now. Screenshot it.,photo,everyone,True
music ,Your headphones. The real condition.,photo,everyone,True
music ,Your instrument where it's currently sitting.,photo,everyone,True
music ,Your practice corner.,photo,everyone,True
music ,Your Spotify wrapped regret.,photo,everyone,True
Pets & Strays,Feeding spot.,photo,everyone,True
Pets & Strays,Show an animal doing something absurd.,photo,everyone,True
Pets & Strays,Show who's sleeping where they shouldn't.,photo,everyone,True
Pets & Strays,The campus dog you're loyal to.,photo,everyone,True
Pets & Strays,The cat that owns this building.,photo,everyone,True
Pets & Strays,The one that recognizes you.,photo,everyone,True
Pets & Strays,Your pet at home — the photo in your gallery.,photo,everyone,True
Pets & Strays,Your phone's animal photo count.,photo,everyone,True
Photography,A photo you took that nobody liked but you love.,photo,everyone,True
Photography,Show something ordinary made to look expensive.,photo,everyone,True
Photography,"Show your gear, however humble.",photo,everyone,True
Photography,The best light on campus right now. Go find it.,photo,everyone,True
Photography,"The same spot you always shoot, shot again.",photo,everyone,True
Photography,Your camera roll's most recent photo. No choosing.,photo,everyone,True
Photography,Your editing screen mid-edit.,photo,everyone,True
Photography,Your worst photo from a good day.,photo,everyone,True
Placements & Prep,Show me your notes from the last prep session.,photo,everyone,True
Placements & Prep,Show what you're building.,photo,everyone,True
Placements & Prep,Show your 3am work session.,photo,everyone,True
Placements & Prep,The company sticker on your laptop.,photo,everyone,True
Placements & Prep,The whiteboard/notebook where the idea started.,photo,everyone,True
Placements & Prep,Your LinkedIn photo vs. your actual face right now.,photo,everyone,True
Placements & Prep,Your rejection count. Just the number.,photo,everyone,True
Placements & Prep,Your resume's current version number.,photo,everyone,True
RVCE,Show the notice board nobody reads.,photo,everyone,True
RVCE,Show what the parking looks like at this hour.,photo,everyone,True
RVCE,Something here that's been broken the entire time you've been on campus.,photo,everyone,True
RVCE,The building you still take a wrong turn in.,photo,everyone,True
RVCE,The one bench everyone fights for.,photo,everyone,True
RVCE,The queue you're standing in right now.,photo,everyone,True
RVCE,The spot on campus you'd defend in an argument.,photo,everyone,True
RVCE,"Whatever the weather is doing right now, from where you are.",photo,everyone,True
sports ,SHOW YOUR FAVIOURITE SPORT AS SUCH,photo,everyone,True
sports ,A bruise with a story.,photo,everyone,True
sports ,Show the teammate you'd pass to every time. Face or not.,photo,everyone,True
sports ,"Show your grip — bat, racquet, ball, whatever.",photo,everyone,True
sports ,"The ground/court, empty or full, right now.",photo,everyone,True
sports ,The scoreboard from today.,photo,everyone,True
sports ,"Your kit bag, unfiltered.",photo,everyone,True
sports ,Your shoes after today.,photo,everyone,True
sports ,Your warm-up spot.,photo,everyone,True
Startups,Show me your notes from the last prep session.,photo,everyone,True
Startups,Show what you're building.,photo,everyone,True
Startups,Show your 3am work session.,photo,everyone,True
Startups,The company sticker on your laptop.,photo,everyone,True
Startups,The whiteboard/notebook where the idea started.,photo,everyone,True
Startups,Your LinkedIn photo vs. your actual face right now.,photo,everyone,True
Startups,Your rejection count. Just the number.,photo,everyone,True
Startups,Your resume's current version number.,photo,everyone,True
Trekking & Outdoors,Show sunrise from wherever you were.,photo,everyone,True
Trekking & Outdoors,Show your shoes' condition.,photo,everyone,True
Trekking & Outdoors,The bag you pack.,photo,everyone,True
Trekking & Outdoors,The blister/scrape/scar.,photo,everyone,True
Trekking & Outdoors,The view you'd go back for.,photo,everyone,True
Trekking & Outdoors,Your favourite spot within 100km.,photo,everyone,True
Trekking & Outdoors,Your last trek's summit photo.,photo,everyone,True
Trekking & Outdoors,Your water bottle at the end.,photo,everyone,True
